{"cameraMode":{"drawMode":0,"name":"Shaded","section":"Shading Mode"},"sceneLighting":true,"audioPlay":false,"sceneViewState":{"m_AlwaysRefresh":false,"showFog":true,"showSkybox":true,"showFlares":true,"showImageEffects":true,"showParticleSystems":true,"showVisualEffectGraphs":true,"m_FxEnabled":true},"in2DMode":false,"pivot":{"x":-0.46165287494659426,"y":0.7945470809936523,"z":-0.5642204880714417},"rotation":{"x":0.0751013457775116,"y":-0.8599687218666077,"z":0.1326216161251068,"w":0.4871465861797333},"size":5.642663955688477,"orthographic":true}